Workbook

Sheet MIS_Data
A1: Employee_ID | B1: Employee_Name | C1: Department | D1: City | E1: Month | F1: Channel | G1: Orders | H1: Revenue | I1: Target | J1: Actual_Sales | K1: Returns | L1: Complaints | M1: Achievement % | N1: Target Status | O1: Return Rate | P1: Performance
A2: EMP001 | B2: Amit Sharma | C2: Sales | D2: Pune | E2: Jan | F2: Online | G2: 125 | H2: 980000 | I2: 820000 | J2: 760000 | K2: 12 | L2: 8 | M2: =MIS_Data[[#This Row],[Actual_Sales]]/MIS_Data[[#This Row],[Target]] -> 0.92682927 | N2: =IF(MIS_Data[[#This Row],[Actual_Sales]]>=MIS_Data[[#This Row],[Target]],"Target Achieved","Target Not Achieved") -> Target Not Achieved | O2: =MIS_Data[[#This Row],[Returns]]/MIS_Data[[#This Row],[Orders]] -> 0.096 | P2: =IF(MIS_Data[[#This Row],[Achievement %]]>=1,"Excellent",IF(MIS_Data[[#This Row],[Achievement %]]>=0.9,"Good","Needs Improvement")) -> Good
A3: EMP002 | B3: Rahul Patil | C3: Sales | D3: Mumbai | E3: Jan | F3: Online | G3: 110 | H3: 850000 | I3: 720000 | J3: 690000 | K3: 15 | L3: 10 | M3: =MIS_Data[[#This Row],[Actual_Sales]]/MIS_Data[[#This Row],[Target]] -> 0.95833333 | N3: =IF(MIS_Data[[#This Row],[Actual_Sales]]>=MIS_Data[[#This Row],[Target]],"Target Achieved","Target Not Achieved") -> Target Not Achieved | O3: =MIS_Data[[#This Row],[Returns]]/MIS_Data[[#This Row],[Orders]] -> 0.13636364 | P3: =IF(MIS_Data[[#This Row],[Achievement %]]>=1,"Excellent",IF(MIS_Data[[#This Row],[Achievement %]]>=0.9,"Good","Needs Improvement")) -> Good
A4: EMP003 | B4: Priya Shah | C4: Sales | D4: Pune | E4: Jan | F4: Retail | G4: 140 | H4: 1100000 | I4: 950000 | J4: 910000 | K4: 9 | L4: 7 | M4: =MIS_Data[[#This Row],[Actual_Sales]]/MIS_Data[[#This Row],[Target]] -> 0.95789474 | N4: =IF(MIS_Data[[#This Row],[Actual_Sales]]>=MIS_Data[[#This Row],[Target]],"Target Achieved","Target Not Achieved") -> Target Not Achieved | O4: =MIS_Data[[#This Row],[Returns]]/MIS_Data[[#This Row],[Orders]] -> 0.064285714 | P4: =IF(MIS_Data[[#This Row],[Achievement %]]>=1,"Excellent",IF(MIS_Data[[#This Row],[Achievement %]]>=0.9,"Good","Needs Improvement")) -> Good
A5: EMP004 | B5: Neha Joshi | C5: HR | D5: Pune | E5: Jan | F5: Internal | G5: 60 | H5: 300000 | I5: 250000 | J5: 240000 | K5: 4 | L5: 3 | M5: =MIS_Data[[#This Row],[Actual_Sales]]/MIS_Data[[#This Row],[Target]] -> 0.96 | N5: =IF(MIS_Data[[#This Row],[Actual_Sales]]>=MIS_Data[[#This Row],[Target]],"Target Achieved","Target Not Achieved") -> Target Not Achieved | O5: =MIS_Data[[#This Row],[Returns]]/MIS_Data[[#This Row],[Orders]] -> 0.066666667 | P5: =IF(MIS_Data[[#This Row],[Achievement %]]>=1,"Excellent",IF(MIS_Data[[#This Row],[Achievement %]]>=0.9,"Good","Needs Improvement")) -> Good
A6: EMP005 | B6: Rohit Kulkarni | C6: Sales | D6: Mumbai | E6: Jan | F6: Retail | G6: 130 | H6: 1020000 | I6: 880000 | J6: 830000 | K6: 11 | L6: 9 | M6: =MIS_Data[[#This Row],[Actual_Sales]]/MIS_Data[[#This Row],[Target]] -> 0.94318182 | N6: =IF(MIS_Data[[#This Row],[Actual_Sales]]>=MIS_Data[[#This Row],[Target]],"Target Achieved","Target Not Achieved") -> Target Not Achieved | O6: =MIS_Data[[#This Row],[Returns]]/MIS_Data[[#This Row],[Orders]] -> 0.084615385 | P6: =IF(MIS_Data[[#This Row],[Achievement %]]>=1,"Excellent",IF(MIS_Data[[#This Row],[Achievement %]]>=0.9,"Good","Needs Improvement")) -> Good
A7: EMP006 | B7: Sneha Deshmukh | C7: Sales | D7: Bangalore | E7: Jan | F7: Online | G7: 105 | H7: 790000 | I7: 650000 | J7: 610000 | K7: 18 | L7: 13 | M7: =MIS_Data[[#This Row],[Actual_Sales]]/MIS_Data[[#This Row],[Target]] -> 0.93846154 | N7: =IF(MIS_Data[[#This Row],[Actual_Sales]]>=MIS_Data[[#This Row],[Target]],"Target Achieved","Target Not Achieved") -> Target Not Achieved | O7: =MIS_Data[[#This Row],[Returns]]/MIS_Data[[#This Row],[Orders]] -> 0.17142857 | P7: =IF(MIS_Data[[#This Row],[Achievement %]]>=1,"Excellent",IF(MIS_Data[[#This Row],[Achievement %]]>=0.9,"Good","Needs Improvement")) -> Good
A8: EMP007 | B8: Karan Mehta | C8: Finance | D8: Pune | E8: Jan | F8: Internal | G8: 55 | H8: 280000 | I8: 230000 | J8: 220000 | K8: 5 | L8: 4 | M8: =MIS_Data[[#This Row],[Actual_Sales]]/MIS_Data[[#This Row],[Target]] -> 0.95652174 | N8: =IF(MIS_Data[[#This Row],[Actual_Sales]]>=MIS_Data[[#This Row],[Target]],"Target Achieved","Target Not Achieved") -> Target Not Achieved | O8: =MIS_Data[[#This Row],[Returns]]/MIS_Data[[#This Row],[Orders]] -> 0.090909091 | P8: =IF(MIS_Data[[#This Row],[Achievement %]]>=1,"Excellent",IF(MIS_Data[[#This Row],[Achievement %]]>=0.9,"Good","Needs Improvement")) -> Good
A9: EMP008 | B9: Pooja Verma | C9: Sales | D9: Pune | E9: Feb | F9: Online | G9: 150 | H9: 1180000 | I9: 1000000 | J9: 950000 | K9: 8 | L9: 6 | M9: =MIS_Data[[#This Row],[Actual_Sales]]/MIS_Data[[#This Row],[Target]] -> 0.95 | N9: =IF(MIS_Data[[#This Row],[Actual_Sales]]>=MIS_Data[[#This Row],[Target]],"Target Achieved","Target Not Achieved") -> Target Not Achieved | O9: =MIS_Data[[#This Row],[Returns]]/MIS_Data[[#This Row],[Orders]] -> 0.053333333 | P9: =IF(MIS_Data[[#This Row],[Achievement %]]>=1,"Excellent",IF(MIS_Data[[#This Row],[Achievement %]]>=0.9,"Good","Needs Improvement")) -> Good
A10: EMP009 | B10: Vikas More | C10: Sales | D10: Mumbai | E10: Feb | F10: Retail | G10: 120 | H10: 920000 | I10: 780000 | J10: 735000 | K10: 14 | L10: 11 | M10: =MIS_Data[[#This Row],[Actual_Sales]]/MIS_Data[[#This Row],[Target]] -> 0.94230769 | N10: =IF(MIS_Data[[#This Row],[Actual_Sales]]>=MIS_Data[[#This Row],[Target]],"Target Achieved","Target Not Achieved") -> Target Not Achieved | O10: =MIS_Data[[#This Row],[Returns]]/MIS_Data[[#This Row],[Orders]] -> 0.11666667 | P10: =IF(MIS_Data[[#This Row],[Achievement %]]>=1,"Excellent",IF(MIS_Data[[#This Row],[Achievement %]]>=0.9,"Good","Needs Improvement")) -> Good
A11: EMP010 | B11: Anjali Rao | C11: Sales | D11: Bangalore | E11: Feb | F11: Online | G11: 115 | H11: 870000 | I11: 730000 | J11: 700000 | K11: 16 | L11: 12 | M11: =MIS_Data[[#This Row],[Actual_Sales]]/MIS_Data[[#This Row],[Target]] -> 0.95890411 | N11: =IF(MIS_Data[[#This Row],[Actual_Sales]]>=MIS_Data[[#This Row],[Target]],"Target Achieved","Target Not Achieved") -> Target Not Achieved | O11: =MIS_Data[[#This Row],[Returns]]/MIS_Data[[#This Row],[Orders]] -> 0.13913043 | P11: =IF(MIS_Data[[#This Row],[Achievement %]]>=1,"Excellent",IF(MIS_Data[[#This Row],[Achievement %]]>=0.9,"Good","Needs Improvement")) -> Good
A12: EMP011 | B12: Sahil Khan | C12: HR | D12: Mumbai | E12: Feb | F12: Internal | G12: 65 | H12: 310000 | I12: 260000 | J12: 250000 | K12: 6 | L12: 5 | M12: =MIS_Data[[#This Row],[Actual_Sales]]/MIS_Data[[#This Row],[Target]] -> 0.96153846 | N12: =IF(MIS_Data[[#This Row],[Actual_Sales]]>=MIS_Data[[#This Row],[Target]],"Target Achieved","Target Not Achieved") -> Target Not Achieved | O12: =MIS_Data[[#This Row],[Returns]]/MIS_Data[[#This Row],[Orders]] -> 0.092307692 | P12: =IF(MIS_Data[[#This Row],[Achievement %]]>=1,"Excellent",IF(MIS_Data[[#This Row],[Achievement %]]>=0.9,"Good","Needs Improvement")) -> Good
A13: EMP012 | B13: Meera Iyer | C13: Sales | D13: Pune | E13: Feb | F13: Retail | G13: 145 | H13: 1130000 | I13: 970000 | J13: 920000 | K13: 10 | L13: 8 | M13: =MIS_Data[[#This Row],[Actual_Sales]]/MIS_Data[[#This Row],[Target]] -> 0.94845361 | N13: =IF(MIS_Data[[#This Row],[Actual_Sales]]>=MIS_Data[[#This Row],[Target]],"Target Achieved","Target Not Achieved") -> Target Not Achieved | O13: =MIS_Data[[#This Row],[Returns]]/MIS_Data[[#This Row],[Orders]] -> 0.068965517 | P13: =IF(MIS_Data[[#This Row],[Achievement %]]>=1,"Excellent",IF(MIS_Data[[#This Row],[Achievement %]]>=0.9,"Good","Needs Improvement")) -> Good
... A31: EMP030 | B31: Ananya Mehta | C31: Sales | D31: Pune | E31: May | F31: Online | G31: 158 | H31: 1250000 | I31: 1060000 | J31: 1015000 | K31: 7 | L31: 5 | M31: =MIS_Data[[#This Row],[Actual_Sales]]/MIS_Data[[#This Row],[Target]] -> 0.95754717 | N31: =IF(MIS_Data[[#This Row],[Actual_Sales]]>=MIS_Data[[#This Row],[Target]],"Target Achieved","Target Not Achieved") -> Target Not Achieved | O31: =MIS_Data[[#This Row],[Returns]]/MIS_Data[[#This Row],[Orders]] -> 0.044303797 | P31: =IF(MIS_Data[[#This Row],[Achievement %]]>=1,"Excellent",IF(MIS_Data[[#This Row],[Achievement %]]>=0.9,"Good","Needs Improvement")) -> Good

Sheet MIS_Analysis
A1: MIS ANALYSIS – Summary Tables (PivotTable-style)
A2: Each table below is built from MIS_Data with SUMIFS / AVERAGEIFS / COUNTIFS and feeds one dashboard chart. They react to the 4 filters on MIS_Dashboard.
A4: Filter criteria (read from dashboard) | D4: Data quality checks
A5: 'All' becomes * so SUMIFS matches every value | D5: Basic checks on MIS_Data
A6: Department | B6: =IF(MIS_Dashboard!$C$4="All","*",MIS_Dashboard!$C$4) -> * | D6: Total records | F6: =ROWS(MIS_Data[Employee_ID]) -> 30 | G6: ✔ expected 30
A7: City | B7: =IF(MIS_Dashboard!$F$4="All","*",MIS_Dashboard!$F$4) -> * | D7: Duplicate Employee IDs | F7: =SUMPRODUCT((COUNTIF(MIS_Data[Employee_ID],MIS_Data[Employee_ID])>1)*1) -> 0 | G7: ✔ expected 0
A8: Month | B8: =IF(MIS_Dashboard!$I$4="All","*",MIS_Dashboard!$I$4) -> * | D8: Blank cells (raw columns) | F8: =COUNTBLANK(MIS_Data!$A$2:$L$31) -> 0 | G8: ✔ expected 0
A9: Channel | B9: =IF(MIS_Dashboard!$L$4="All","*",MIS_Dashboard!$L$4) -> * | D9: Non-numeric Revenue rows | F9: =ROWS(MIS_Data[Revenue])-COUNT(MIS_Data[Revenue]) -> 0 | G9: ✔ expected 0
A12: PivotTable 1 – Monthly Sales | G12: PivotTable 2 – City Performance
A13: Compare monthly business performance | G13: Compare performance across cities
A14: Month | B14: Revenue | C14: Actual_Sales | D14: Target | G14: City | H14: Revenue | I14: Actual_Sales
A15: Jan | B15: =SUMIFS(MIS_Data[Revenue],MIS_Data[Month],$A15,MIS_Data[Department],MIS_Analysis!$B$6,MIS_Data[City],MIS_Analysis!$B$7,MIS_Data[Channel],MIS_Analysis!$B$9) -> 5320000 | C15: =SUMIFS(MIS_Data[Actual_Sales],MIS_Data[Month],$A15,MIS_Data[Department],MIS_Analysis!$B$6,MIS_Data[City],MIS_Analysis!$B$7,MIS_Data[Channel],MIS_Analysis!$B$9) -> 4260000 | D15: =SUMIFS(MIS_Data[Target],MIS_Data[Month],$A15,MIS_Data[Department],MIS_Analysis!$B$6,MIS_Data[City],MIS_Analysis!$B$7,MIS_Data[Channel],MIS_Analysis!$B$9) -> 4500000 | G15: Pune | H15: =SUMIFS(MIS_Data[Revenue],MIS_Data[City],$G15,MIS_Data[Department],MIS_Analysis!$B$6,MIS_Data[Month],MIS_Analysis!$B$8,MIS_Data[Channel],MIS_Analysis!$B$9) -> 13290000 | I15: =SUMIFS(MIS_Data[Actual_Sales],MIS_Data[City],$G15,MIS_Data[Department],MIS_Analysis!$B$6,MIS_Data[Month],MIS_Analysis!$B$8,MIS_Data[Channel],MIS_Analysis!$B$9) -> 10743000
A16: Feb | B16: =SUMIFS(MIS_Data[Revenue],MIS_Data[Month],$A16,MIS_Data[Department],MIS_Analysis!$B$6,MIS_Data[City],MIS_Analysis!$B$7,MIS_Data[Channel],MIS_Analysis!$B$9) -> 4700000 | C16: =SUMIFS(MIS_Data[Actual_Sales],MIS_Data[Month],$A16,MIS_Data[Department],MIS_Analysis!$B$6,MIS_Data[City],MIS_Analysis!$B$7,MIS_Data[Channel],MIS_Analysis!$B$9) -> 3783000 | D16: =SUMIFS(MIS_Data[Target],MIS_Data[Month],$A16,MIS_Data[Department],MIS_Analysis!$B$6,MIS_Data[City],MIS_Analysis!$B$7,MIS_Data[Channel],MIS_Analysis!$B$9) -> 3980000 | G16: Mumbai | H16: =SUMIFS(MIS_Data[Revenue],MIS_Data[City],$G16,MIS_Data[Department],MIS_Analysis!$B$6,MIS_Data[Month],MIS_Analysis!$B$8,MIS_Data[Channel],MIS_Analysis!$B$9) -> 7860000 | I16: =SUMIFS(MIS_Data[Actual_Sales],MIS_Data[City],$G16,MIS_Data[Department],MIS_Analysis!$B$6,MIS_Data[Month],MIS_Analysis!$B$8,MIS_Data[Channel],MIS_Analysis!$B$9) -> 6357000
A17: Mar | B17: =SUMIFS(MIS_Data[Revenue],MIS_Data[Month],$A17,MIS_Data[Department],MIS_Analysis!$B$6,MIS_Data[City],MIS_Analysis!$B$7,MIS_Data[Channel],MIS_Analysis!$B$9) -> 5830000 | C17: =SUMIFS(MIS_Data[Actual_Sales],MIS_Data[Month],$A17,MIS_Data[Department],MIS_Analysis!$B$6,MIS_Data[City],MIS_Analysis!$B$7,MIS_Data[Channel],MIS_Analysis!$B$9) -> 4717000 | D17: =SUMIFS(MIS_Data[Target],MIS_Data[Month],$A17,MIS_Data[Department],MIS_Analysis!$B$6,MIS_Data[City],MIS_Analysis!$B$7,MIS_Data[Channel],MIS_Analysis!$B$9) -> 4950000 | G17: Bangalore | H17: =SUMIFS(MIS_Data[Revenue],MIS_Data[City],$G17,MIS_Data[Department],MIS_Analysis!$B$6,MIS_Data[Month],MIS_Analysis!$B$8,MIS_Data[Channel],MIS_Analysis!$B$9) -> 4310000 | I17: =SUMIFS(MIS_Data[Actual_Sales],MIS_Data[City],$G17,MIS_Data[Department],MIS_Analysis!$B$6,MIS_Data[Month],MIS_Analysis!$B$8,MIS_Data[Channel],MIS_Analysis!$B$9) -> 3440000
A18: Apr | B18: =SUMIFS(MIS_Data[Revenue],MIS_Data[Month],$A18,MIS_Data[Department],MIS_Analysis!$B$6,MIS_Data[City],MIS_Analysis!$B$7,MIS_Data[Channel],MIS_Analysis!$B$9) -> 5020000 | C18: =SUMIFS(MIS_Data[Actual_Sales],MIS_Data[Month],$A18,MIS_Data[Department],MIS_Analysis!$B$6,MIS_Data[City],MIS_Analysis!$B$7,MIS_Data[Channel],MIS_Analysis!$B$9) -> 4055000 | D18: =SUMIFS(MIS_Data[Target],MIS_Data[Month],$A18,MIS_Data[Department],MIS_Analysis!$B$6,MIS_Data[City],MIS_Analysis!$B$7,MIS_Data[Channel],MIS_Analysis!$B$9) -> 4250000 | G18: Grand Total | H18: =SUM(H15:H17) -> 25460000 | I18: =SUM(I15:I17) -> 20540000
A19: May | B19: =SUMIFS(MIS_Data[Revenue],MIS_Data[Month],$A19,MIS_Data[Department],MIS_Analysis!$B$6,MIS_Data[City],MIS_Analysis!$B$7,MIS_Data[Channel],MIS_Analysis!$B$9) -> 4590000 | C19: =SUMIFS(MIS_Data[Actual_Sales],MIS_Data[Month],$A19,MIS_Data[Department],MIS_Analysis!$B$6,MIS_Data[City],MIS_Analysis!$B$7,MIS_Data[Channel],MIS_Analysis!$B$9) -> 3725000 | D19: =SUMIFS(MIS_Data[Target],MIS_Data[Month],$A19,MIS_Data[Department],MIS_Analysis!$B$6,MIS_Data[City],MIS_Analysis!$B$7,MIS_Data[Channel],MIS_Analysis!$B$9) -> 3890000
A20: Grand Total | B20: =SUM(B15:B19) -> 25460000 | C20: =SUM(C15:C19) -> 20540000 | D20: =SUM(D15:D19) -> 21570000
A23: PivotTable 3 – Department Performance | G23: PivotTable 4 – Channel Performance
A24: Compare target achievement between departments (Average of Achievement %) | G24: Compare Online, Retail and Internal channels
A25: Department | B25: Avg Achievement % | G25: Channel | H25: Orders | I25: Revenue
A26: Sales | B26: =IFERROR(AVERAGEIFS(MIS_Data[Achievement %],MIS_Data[Department],$A26,MIS_Data[City],MIS_Analysis!$B$7,MIS_Data[Month],MIS_Analysis!$B$8,MIS_Data[Channel],MIS_Analysis!$B$9),0) -> 0.95167441 | G26: Online | H26: =SUMIFS(MIS_Data[Orders],MIS_Data[Channel],$G26,MIS_Data[Department],MIS_Analysis!$B$6,MIS_Data[City],MIS_Analysis!$B$7,MIS_Data[Month],MIS_Analysis!$B$8) -> 1695 | I26: =SUMIFS(MIS_Data[Revenue],MIS_Data[Channel],$G26,MIS_Data[Department],MIS_Analysis!$B$6,MIS_Data[City],MIS_Analysis!$B$7,MIS_Data[Month],MIS_Analysis!$B$8) -> 13150000
A27: HR | B27: =IFERROR(AVERAGEIFS(MIS_Data[Achievement %],MIS_Data[Department],$A27,MIS_Data[City],MIS_Analysis!$B$7,MIS_Data[Month],MIS_Analysis!$B$8,MIS_Data[Channel],MIS_Analysis!$B$9),0) -> 0.95694433 | G27: Retail | H27: =SUMIFS(MIS_Data[Orders],MIS_Data[Channel],$G27,MIS_Data[Department],MIS_Analysis!$B$6,MIS_Data[City],MIS_Analysis!$B$7,MIS_Data[Month],MIS_Analysis!$B$8) -> 1267 | I27: =SUMIFS(MIS_Data[Revenue],MIS_Data[Channel],$G27,MIS_Data[Department],MIS_Analysis!$B$6,MIS_Data[City],MIS_Analysis!$B$7,MIS_Data[Month],MIS_Analysis!$B$8) -> 9890000
A28: Finance | B28: =IFERROR(AVERAGEIFS(MIS_Data[Achievement %],MIS_Data[Department],$A28,MIS_Data[City],MIS_Analysis!$B$7,MIS_Data[Month],MIS_Analysis!$B$8,MIS_Data[Channel],MIS_Analysis!$B$9),0) -> 0.94921419 | G28: Internal | H28: =SUMIFS(MIS_Data[Orders],MIS_Data[Channel],$G28,MIS_Data[Department],MIS_Analysis!$B$6,MIS_Data[City],MIS_Analysis!$B$7,MIS_Data[Month],MIS_Analysis!$B$8) -> 486 | I28: =SUMIFS(MIS_Data[Revenue],MIS_Data[Channel],$G28,MIS_Data[Department],MIS_Analysis!$B$6,MIS_Data[City],MIS_Analysis!$B$7,MIS_Data[Month],MIS_Analysis!$B$8) -> 2420000
G29: Grand Total | H29: =SUM(H26:H28) -> 3448 | I29: =SUM(I26:I28) -> 25460000
A32: PivotTable 5 – Performance Summary
A33: Number of employees in each performance category (Count of Employee_ID)
A34: Performance | B34: Employee Count
A35: Excellent | B35: =COUNTIFS(MIS_Data[Performance],$A35,MIS_Data[Department],MIS_Analysis!$B$6,MIS_Data[City],MIS_Analysis!$B$7,MIS_Data[Month],MIS_Analysis!$B$8,MIS_Data[Channel],MIS_Analysis!$B$9) -> 0
A36: Good | B36: =COUNTIFS(MIS_Data[Performance],$A36,MIS_Data[Department],MIS_Analysis!$B$6,MIS_Data[City],MIS_Analysis!$B$7,MIS_Data[Month],MIS_Analysis!$B$8,MIS_Data[Channel],MIS_Analysis!$B$9) -> 30
A37: Needs Improvement | B37: =COUNTIFS(MIS_Data[Performance],$A37,MIS_Data[Department],MIS_Analysis!$B$6,MIS_Data[City],MIS_Analysis!$B$7,MIS_Data[Month],MIS_Analysis!$B$8,MIS_Data[Channel],MIS_Analysis!$B$9) -> 0
A38: Grand Total | B38: =SUM(B35:B37) -> 30

Sheet MIS_Dashboard
B1: MIS PERFORMANCE DASHBOARD
B2: Sales | Target Achievement | Orders | Quality
C3: Department | F3: City | I3: Month | L3: Channel
B4: FILTERS ▶ | C4: All | F4: All | I4: All | L4: All | O4: Pick a value to filter every KPI and chart. Set back to 'All' to reset.
B6: TOTAL REVENUE | E6: TOTAL ACTUAL SALES | H6: TOTAL ORDERS | K6: AVG ACHIEVEMENT % | N6: TOTAL RETURNS | Q6: TOTAL COMPLAINTS
B7: =SUMIFS(MIS_Data[Revenue],MIS_Data[Department],MIS_Analysis!$B$6,MIS_Data[City],MIS_Analysis!$B$7,MIS_Data[Month],MIS_Analysis!$B$8,MIS_Data[Channel],MIS_Analysis!$B$9) -> 25460000 | E7: =SUMIFS(MIS_Data[Actual_Sales],MIS_Data[Department],MIS_Analysis!$B$6,MIS_Data[City],MIS_Analysis!$B$7,MIS_Data[Month],MIS_Analysis!$B$8,MIS_Data[Channel],MIS_Analysis!$B$9) -> 20540000 | H7: =SUMIFS(MIS_Data[Orders],MIS_Data[Department],MIS_Analysis!$B$6,MIS_Data[City],MIS_Analysis!$B$7,MIS_Data[Month],MIS_Analysis!$B$8,MIS_Data[Channel],MIS_Analysis!$B$9) -> 3448 | K7: =IFERROR(AVERAGEIFS(MIS_Data[Achievement %],MIS_Data[Department],MIS_Analysis!$B$6,MIS_Data[City],MIS_Analysis!$B$7,MIS_Data[Month],MIS_Analysis!$B$8,MIS_Data[Channel],MIS_Analysis!$B$9),0) -> 0.95204903 | N7: =SUMIFS(MIS_Data[Returns],MIS_Data[Department],MIS_Analysis!$B$6,MIS_Data[City],MIS_Analysis!$B$7,MIS_Data[Month],MIS_Analysis!$B$8,MIS_Data[Channel],MIS_Analysis!$B$9) -> 292 | Q7: =SUMIFS(MIS_Data[Complaints],MIS_Data[Department],MIS_Analysis!$B$6,MIS_Data[City],MIS_Analysis!$B$7,MIS_Data[Month],MIS_Analysis!$B$8,MIS_Data[Channel],MIS_Analysis!$B$9) -> 220
B10: PERFORMANCE CHARTS
B41: EMPLOYEE PERFORMANCE DETAIL
B42: Employee Name | D42: Department | F42: City | H42: Revenue | J42: Actual Sales | L42: Achievement % | N42: Performance
B43: =INDEX(MIS_Data[Employee_Name],ROWS($B$43:$B43)) -> Amit Sharma | D43: =INDEX(MIS_Data[Department],ROWS($B$43:$B43)) -> Sales | F43: =INDEX(MIS_Data[City],ROWS($B$43:$B43)) -> Pune | H43: =INDEX(MIS_Data[Revenue],ROWS($B$43:$B43)) -> 980000 | J43: =INDEX(MIS_Data[Actual_Sales],ROWS($B$43:$B43)) -> 760000 | L43: =INDEX(MIS_Data[Achievement %],ROWS($B$43:$B43)) -> 0.92682927 | N43: =INDEX(MIS_Data[Performance],ROWS($B$43:$B43)) -> Good
B44: =INDEX(MIS_Data[Employee_Name],ROWS($B$43:$B44)) -> Rahul Patil | D44: =INDEX(MIS_Data[Department],ROWS($B$43:$B44)) -> Sales | F44: =INDEX(MIS_Data[City],ROWS($B$43:$B44)) -> Mumbai | H44: =INDEX(MIS_Data[Revenue],ROWS($B$43:$B44)) -> 850000 | J44: =INDEX(MIS_Data[Actual_Sales],ROWS($B$43:$B44)) -> 690000 | L44: =INDEX(MIS_Data[Achievement %],ROWS($B$43:$B44)) -> 0.95833333 | N44: =INDEX(MIS_Data[Performance],ROWS($B$43:$B44)) -> Good
B45: =INDEX(MIS_Data[Employee_Name],ROWS($B$43:$B45)) -> Priya Shah | D45: =INDEX(MIS_Data[Department],ROWS($B$43:$B45)) -> Sales | F45: =INDEX(MIS_Data[City],ROWS($B$43:$B45)) -> Pune | H45: =INDEX(MIS_Data[Revenue],ROWS($B$43:$B45)) -> 1100000 | J45: =INDEX(MIS_Data[Actual_Sales],ROWS($B$43:$B45)) -> 910000 | L45: =INDEX(MIS_Data[Achievement %],ROWS($B$43:$B45)) -> 0.95789474 | N45: =INDEX(MIS_Data[Performance],ROWS($B$43:$B45)) -> Good
B46: =INDEX(MIS_Data[Employee_Name],ROWS($B$43:$B46)) -> Neha Joshi | D46: =INDEX(MIS_Data[Department],ROWS($B$43:$B46)) -> HR | F46: =INDEX(MIS_Data[City],ROWS($B$43:$B46)) -> Pune | H46: =INDEX(MIS_Data[Revenue],ROWS($B$43:$B46)) -> 300000 | J46: =INDEX(MIS_Data[Actual_Sales],ROWS($B$43:$B46)) -> 240000 | L46: =INDEX(MIS_Data[Achievement %],ROWS($B$43:$B46)) -> 0.96 | N46: =INDEX(MIS_Data[Performance],ROWS($B$43:$B46)) -> Good
B47: =INDEX(MIS_Data[Employee_Name],ROWS($B$43:$B47)) -> Rohit Kulkarni | D47: =INDEX(MIS_Data[Department],ROWS($B$43:$B47)) -> Sales | F47: =INDEX(MIS_Data[City],ROWS($B$43:$B47)) -> Mumbai | H47: =INDEX(MIS_Data[Revenue],ROWS($B$43:$B47)) -> 1020000 | J47: =INDEX(MIS_Data[Actual_Sales],ROWS($B$43:$B47)) -> 830000 | L47: =INDEX(MIS_Data[Achievement %],ROWS($B$43:$B47)) -> 0.94318182 | N47: =INDEX(MIS_Data[Performance],ROWS($B$43:$B47)) -> Good
B48: =INDEX(MIS_Data[Employee_Name],ROWS($B$43:$B48)) -> Sneha Deshmukh | D48: =INDEX(MIS_Data[Department],ROWS($B$43:$B48)) -> Sales | F48: =INDEX(MIS_Data[City],ROWS($B$43:$B48)) -> Bangalore | H48: =INDEX(MIS_Data[Revenue],ROWS($B$43:$B48)) -> 790000 | J48: =INDEX(MIS_Data[Actual_Sales],ROWS($B$43:$B48)) -> 610000 | L48: =INDEX(MIS_Data[Achievement %],ROWS($B$43:$B48)) -> 0.93846154 | N48: =INDEX(MIS_Data[Performance],ROWS($B$43:$B48)) -> Good
B49: =INDEX(MIS_Data[Employee_Name],ROWS($B$43:$B49)) -> Karan Mehta | D49: =INDEX(MIS_Data[Department],ROWS($B$43:$B49)) -> Finance | F49: =INDEX(MIS_Data[City],ROWS($B$43:$B49)) -> Pune | H49: =INDEX(MIS_Data[Revenue],ROWS($B$43:$B49)) -> 280000 | J49: =INDEX(MIS_Data[Actual_Sales],ROWS($B$43:$B49)) -> 220000 | L49: =INDEX(MIS_Data[Achievement %],ROWS($B$43:$B49)) -> 0.95652174 | N49: =INDEX(MIS_Data[Performance],ROWS($B$43:$B49)) -> Good
B50: =INDEX(MIS_Data[Employee_Name],ROWS($B$43:$B50)) -> Pooja Verma | D50: =INDEX(MIS_Data[Department],ROWS($B$43:$B50)) -> Sales | F50: =INDEX(MIS_Data[City],ROWS($B$43:$B50)) -> Pune | H50: =INDEX(MIS_Data[Revenue],ROWS($B$43:$B50)) -> 1180000 | J50: =INDEX(MIS_Data[Actual_Sales],ROWS($B$43:$B50)) -> 950000 | L50: =INDEX(MIS_Data[Achievement %],ROWS($B$43:$B50)) -> 0.95 | N50: =INDEX(MIS_Data[Performance],ROWS($B$43:$B50)) -> Good
B51: =INDEX(MIS_Data[Employee_Name],ROWS($B$43:$B51)) -> Vikas More | D51: =INDEX(MIS_Data[Department],ROWS($B$43:$B51)) -> Sales | F51: =INDEX(MIS_Data[City],ROWS($B$43:$B51)) -> Mumbai | H51: =INDEX(MIS_Data[Revenue],ROWS($B$43:$B51)) -> 920000 | J51: =INDEX(MIS_Data[Actual_Sales],ROWS($B$43:$B51)) -> 735000 | L51: =INDEX(MIS_Data[Achievement %],ROWS($B$43:$B51)) -> 0.94230769 | N51: =INDEX(MIS_Data[Performance],ROWS($B$43:$B51)) -> Good
B52: =INDEX(MIS_Data[Employee_Name],ROWS($B$43:$B52)) -> Anjali Rao | D52: =INDEX(MIS_Data[Department],ROWS($B$43:$B52)) -> Sales | F52: =INDEX(MIS_Data[City],ROWS($B$43:$B52)) -> Bangalore | H52: =INDEX(MIS_Data[Revenue],ROWS($B$43:$B52)) -> 870000 | J52: =INDEX(MIS_Data[Actual_Sales],ROWS($B$43:$B52)) -> 700000 | L52: =INDEX(MIS_Data[Achievement %],ROWS($B$43:$B52)) -> 0.95890411 | N52: =INDEX(MIS_Data[Performance],ROWS($B$43:$B52)) -> Good
B53: =INDEX(MIS_Data[Employee_Name],ROWS($B$43:$B53)) -> Sahil Khan | D53: =INDEX(MIS_Data[Department],ROWS($B$43:$B53)) -> HR | F53: =INDEX(MIS_Data[City],ROWS($B$43:$B53)) -> Mumbai | H53: =INDEX(MIS_Data[Revenue],ROWS($B$43:$B53)) -> 310000 | J53: =INDEX(MIS_Data[Actual_Sales],ROWS($B$43:$B53)) -> 250000 | L53: =INDEX(MIS_Data[Achievement %],ROWS($B$43:$B53)) -> 0.96153846 | N53: =INDEX(MIS_Data[Performance],ROWS($B$43:$B53)) -> Good
B54: =INDEX(MIS_Data[Employee_Name],ROWS($B$43:$B54)) -> Meera Iyer | D54: =INDEX(MIS_Data[Department],ROWS($B$43:$B54)) -> Sales | F54: =INDEX(MIS_Data[City],ROWS($B$43:$B54)) -> Pune | H54: =INDEX(MIS_Data[Revenue],ROWS($B$43:$B54)) -> 1130000 | J54: =INDEX(MIS_Data[Actual_Sales],ROWS($B$43:$B54)) -> 920000 | L54: =INDEX(MIS_Data[Achievement %],ROWS($B$43:$B54)) -> 0.94845361 | N54: =INDEX(MIS_Data[Performance],ROWS($B$43:$B54)) -> Good
... B72: =INDEX(MIS_Data[Employee_Name],ROWS($B$43:$B72)) -> Ananya Mehta | D72: =INDEX(MIS_Data[Department],ROWS($B$43:$B72)) -> Sales | F72: =INDEX(MIS_Data[City],ROWS($B$43:$B72)) -> Pune | H72: =INDEX(MIS_Data[Revenue],ROWS($B$43:$B72)) -> 1250000 | J72: =INDEX(MIS_Data[Actual_Sales],ROWS($B$43:$B72)) -> 1015000 | L72: =INDEX(MIS_Data[Achievement %],ROWS($B$43:$B72)) -> 0.95754717 | N72: =INDEX(MIS_Data[Performance],ROWS($B$43:$B72)) -> Good
B74: Legend – Achievement %: green = 100% or more (Excellent) · amber = 90% to <100% (Good) · red = below 90% (Needs Improvement)
